AA_substitution,,,,
A16V,,,,
V117A,,,,
P118S,,,,
Y131S,,,,
V135G,,,,
T137M,,,,
S141T,,,,
R152Q,,,,
I154T,,,,
A158S,,,,
S169N,,,,
A181D,,,,
G183A,,,,
N190S,,,,
F192L,,,,
F198Y,,,,
G202R,,,,
M204I,,,,
D211N,,,,
P216S,,,,
P216R,,,,
Q222E,,,,
Y224C,,,,
R228Q,,,,
R228W,,,,
G237D,,,,
P243S,,,,
A244T,,,,
E251K,,,,
V253I,,,,
T254I,,,,
V260I,,,,
N261S,,,,
T263M,,,,
G269D,,,,
C273R,,,,
S276F,,,,
L281P,,,,
P283L,,,,
I290V,,,,
I291L,,,,
L294F,,,,
R297Q,,,,
I300T,,,,
D306G,,,,
I308T,,,,
G310A,,,,
G310V,,,,
S322L,,,,
L327F,,,,
A329T,,,,
T332I,,,,
V334I,,,,
M338I,,,,
T339P,,,,
A340T,,,,
L349F,,,,
G351A,,,,
F354S,,,,
Q355K,,,,
W361S,,,,
I366M,,,,
V369L,,,,
P374S,,,,
R375H,,,,
R375C,,,,
R377H,,,,
R377C,,,,
A385V,,,,
E386K,,,,
R393H,,,,
Q398K,,,,
G399V,,,,
W404C,,,,
H408Y,,,,
E421K,,,,
G426A,,,,
R431C,,,,
N435T,,,,
T437S,,,,
T441M,,,,
A444V,,,,
A444D,,,,
P445S,,,,
S449N,,,,
V454F,,,,
Y455S,,,,
S456F,,,,
G462R,,,,
R464Q,,,,
S477T,,,,
A479T,,,,
A480T,,,,
R481W,,,,
P488L,,,,
A490T,,,,
G491A,,,,
A493V,,,,
L496P,,,,
R499W,,,,
R499Q,,,,
N503S,,,,
G506E,,,,
C509Y,,,,
N513S,,,,
R514H,,,,
R514C,,,,
S522F,,,,
Q524R,,,,
R533Q,,,,
V536M,,,,
R541Q,,,,
L542R,,,,
L542P,,,,
A547T,,,,
A555T,,,,
R557L,,,,
R557C,,,,
D559N,,,,
D559H,,,,
L563H,,,,
V568G,,,,
S573G,,,,
Y575C,,,,
G595R,,,,
G596C,,,,
V597I,,,,
V597L,,,,
E608K,,,,
R615C,,,,
S620G,,,,
R626Q,,,,
R626G,,,,
A627V,,,,
A628V,,,,
V630G,,,,
V630I,,,,
A633G,,,,
D636N,,,,
Q640R,,,,
Q645P,,,,
W649S,,,,
P673S,,,,
R676W,,,,
A681V,,,,
V686A,,,,
Q688R,,,,
H695Y,,,,
Q703H,,,,
V709I,,,,
L710V,,,,
R714M,,,,
Q718H,,,,
R720Q,,,,
D722N,,,,
K729Q,,,,
K729R,,,,
F731V,,,,
P736L,,,,
R737G,,,,
R737S,,,,
R737H,,,,
R737C,,,,
A740P,,,,
G741S,,,,